last_day,count,share
2,765,0.5331010452961672
3,595,0.4146341463414634
4,73,0.050871080139372825
5,1,0.0006968641114982578
Unknown,1,0.0006968641114982578
