role,n_players,n_survived,survival_rate
Villager,5736,3146,0.548465829846583
Doctor,1434,738,0.5146443514644351
Seer,1434,559,0.3898186889818689
Werewolf,2868,741,0.2583682008368201
