winner_team,count,share
Villagers,1000,0.6968641114982579
Werewolves,434,0.3024390243902439
Unknown,1,0.0006968641114982578
